{
  "Wiertło": {
    "zakres_srednicy": [
      {
        "zakres_srednicy": "do 6.0",
        "ceny": {
          "1 szt.": 48.6,
          "2-4 szt.": 41.1,
          "5-10 szt.": 34.9,
          "11-20 szt.": 31.7
        }
      },
      {
        "zakres_srednicy": "6.1 - 8.0",
        "ceny": {
          "1 szt.": 50.7,
          "2-4 szt.": 42.9,
          "5-10 szt.": 36.4,
          "11-20 szt.": 33.1
        }
      },
      {
        "zakres_srednicy": "8.1 - 10.0",
        "ceny": {
          "1 szt.": 52.8,
          "2-4 szt.": 44.7,
          "5-10 szt.": 37.8,
          "11-20 szt.": 34.4
        }
      },
      {
        "zakres_srednicy": "10.1 - 12.0",
        "ceny": {
          "1 szt.": 58.8,
          "2-4 szt.": 49.7,
          "5-10 szt.": 42.2,
          "11-20 szt.": 38.4
        }
      },
      {
        "zakres_srednicy": "12.1 - 14.0",
        "ceny": {
          "1 szt.": 68.9,
          "2-4 szt.": 58.3,
          "5-10 szt.": 49.5,
          "11-20 szt.": 45.0
        }
      },
      {
        "zakres_srednicy": "14.1 - 16.0",
        "ceny": {
          "1 szt.": 87.2,
          "2-4 szt.": 73.8,
          "5-10 szt.": 62.6,
          "11-20 szt.": 56.9
        }
      },
      {
        "zakres_srednicy": "16.1 - 18.0",
        "ceny": {
          "1 szt.": 93.3,
          "2-4 szt.": 79.0,
          "5-10 szt.": 66.9,
          "11-20 szt.": 60.8
        }
      },
      {
        "zakres_srednicy": "18.1 - 20.0",
        "ceny": {
          "1 szt.": 115.6,
          "2-4 szt.": 97.8,
          "5-10 szt.": 82.9,
          "11-20 szt.": 75.4
        }
      }
    ]
  },
  "Wiertło stopniowe": {
    "zakres_srednicy": [
      {
        "zakres_srednicy": "do 6.0",
        "ceny": {
          "1 szt.": 67.3,
          "2-4 szt.": 60.4,
          "5-10 szt.": 50.6,
          "11-20 szt.": 40.5
        }
      },
      {
        "zakres_srednicy": "6.1 - 8.0",
        "ceny": {
          "1 szt.": 75.7,
          "2-4 szt.": 68.0,
          "5-10 szt.": 56.9,
          "11-20 szt.": 45.5
        }
      },
      {
        "zakres_srednicy": "8.1 - 10.0",
        "ceny": {
          "1 szt.": 84.1,
          "2-4 szt.": 75.5,
          "5-10 szt.": 63.3,
          "11-20 szt.": 50.6
        }
      },
      {
        "zakres_srednicy": "10.1 - 12.0",
        "ceny": {
          "1 szt.": 97.6,
          "2-4 szt.": 87.6,
          "5-10 szt.": 73.4,
          "11-20 szt.": 58.7
        }
      },
      {
        "zakres_srednicy": "12.1 - 14.0",
        "ceny": {
          "1 szt.": 104.2,
          "2-4 szt.": 93.6,
          "5-10 szt.": 78.4,
          "11-20 szt.": 62.7
        }
      },
      {
        "zakres_srednicy": "14.1 - 16.0",
        "ceny": {
          "1 szt.": 121.1,
          "2-4 szt.": 108.7,
          "5-10 szt.": 91.1,
          "11-20 szt.": 72.9
        }
      },
      {
        "zakres_srednicy": "16.1 - 18.0",
        "ceny": {
          "1 szt.": 129.5,
          "2-4 szt.": 116.3,
          "5-10 szt.": 97.4,
          "11-20 szt.": 77.9
        }
      },
      {
        "zakres_srednicy": "18.1 - 20.0",
        "ceny": {
          "1 szt.": 134.5,
          "2-4 szt.": 120.8,
          "5-10 szt.": 101.2,
          "11-20 szt.": 81.0
        }
      }
    ]
  }
}