{
  "Frez prosty": {
    "ilosc_ostrzy": {
      "2-4": {
        "cennik": [
          {
            "zakres_srednicy": "do 6.0",
            "ceny": {
              "1 szt.": 52.0,
              "2-4 szt.": 41.0,
              "5-10 szt.": 38.6,
              "11-20 szt.": 34.7
            }
          },
          {
            "zakres_srednicy": "6.1 - 10.0",
            "ceny": {
              "1 szt.": 56.2,
              "2-4 szt.": 44.2,
              "5-10 szt.": 41.7,
              "11-20 szt.": 37.5
            }
          },
          {
            "zakres_srednicy": "10.1 - 12.0",
            "ceny": {
              "1 szt.": 62.4,
              "2-4 szt.": 49.1,
              "5-10 szt.": 46.3,
              "11-20 szt.": 41.7
            }
          },
          {
            "zakres_srednicy": "12.1 - 16.0",
            "ceny": {
              "1 szt.": 84.9,
              "2-4 szt.": 66.8,
              "5-10 szt.": 63.0,
              "11-20 szt.": 56.7
            }
          },
          {
            "zakres_srednicy": "16.1 - 20.0",
            "ceny": {
              "1 szt.": 97.3,
              "2-4 szt.": 76.7,
              "5-10 szt.": 72.3,
              "11-20 szt.": 65.0
            }
          },
          {
            "zakres_srednicy": "20.1 - 25.0",
            "ceny": {
              "1 szt.": 122.7,
              "2-4 szt.": 96.6,
              "5-10 szt.": 91.1,
              "11-20 szt.": 81.9
            }
          },
          {
            "zakres_srednicy": "25.1 - 32.0",
            "ceny": {
              "1 szt.": 183.0,
              "2-4 szt.": 144.1,
              "5-10 szt.": 135.9,
              "11-20 szt.": 122.2
            }
          }
        ]
      },
      "pozostale": {
        "cennik": [
          {
            "zakres_srednicy": "do 6.0",
            "ceny": {
              "1 szt.": 75.4,
              "2-4 szt.": 59.3,
              "5-10 szt.": 52.3,
              "11-20 szt.": 43.8
            }
          },
          {
            "zakres_srednicy": "6.1 - 10.0",
            "ceny": {
              "1 szt.": 81.4,
              "2-4 szt.": 64.1,
              "5-10 szt.": 56.5,
              "11-20 szt.": 47.2
            }
          },
          {
            "zakres_srednicy": "10.1 - 12.0",
            "ceny": {
              "1 szt.": 90.6,
              "2-4 szt.": 71.3,
              "5-10 szt.": 62.8,
              "11-20 szt.": 52.5
            }
          },
          {
            "zakres_srednicy": "12.1 - 16.0",
            "ceny": {
              "1 szt.": 117.9,
              "2-4 szt.": 92.9,
              "5-10 szt.": 81.9,
              "11-20 szt.": 68.4
            }
          },
          {
            "zakres_srednicy": "16.1 - 20.0",
            "ceny": {
              "1 szt.": 135.2,
              "2-4 szt.": 106.5,
              "5-10 szt.": 93.9,
              "11-20 szt.": 78.5
            }
          },
          {
            "zakres_srednicy": "20.1 - 25.0",
            "ceny": {
              "1 szt.": 177.9,
              "2-4 szt.": 140.1,
              "5-10 szt.": 123.5,
              "11-20 szt.": 103.2
            }
          },
          {
            "zakres_srednicy": "25.1 - 32.0",
            "ceny": {
              "1 szt.": 265.4,
              "2-4 szt.": 209.0,
              "5-10 szt.": 184.2,
              "11-20 szt.": 154.1
            }
          }
        ]
      }
    }
  },
  "Frez promieniowy": {
    "ilosc_ostrzy": {
      "2-4": {
        "cennik": [
          {
            "zakres_srednicy": "do 6.0",
            "ceny": {
              "1 szt.": 70.2,
              "2-4 szt.": 55.3,
              "5-10 szt.": 48.8,
              "11-20 szt.": 40.8
            }
          },
          {
            "zakres_srednicy": "6.1 - 10.0",
            "ceny": {
              "1 szt.": 76.0,
              "2-4 szt.": 59.9,
              "5-10 szt.": 52.7,
              "11-20 szt.": 44.1
            }
          },
          {
            "zakres_srednicy": "10.1 - 12.0",
            "ceny": {
              "1 szt.": 84.3,
              "2-4 szt.": 66.4,
              "5-10 szt.": 58.5,
              "11-20 szt.": 48.9
            }
          },
          {
            "zakres_srednicy": "12.1 - 16.0",
            "ceny": {
              "1 szt.": 109.8,
              "2-4 szt.": 86.5,
              "5-10 szt.": 76.2,
              "11-20 szt.": 65.4
            }
          },
          {
            "zakres_srednicy": "16.1 - 20.0",
            "ceny": {
              "1 szt.": 126.0,
              "2-4 szt.": 99.3,
              "5-10 szt.": 87.5,
              "11-20 szt.": 75.2
            }
          },
          {
            "zakres_srednicy": "20.1 - 25.0",
            "ceny": {
              "1 szt.": 165.8,
              "2-4 szt.": 130.5,
              "5-10 szt.": 115.1,
              "11-20 szt.": 96.3
            }
          },
          {
            "zakres_srednicy": "25.1 - 32.0",
            "ceny": {
              "1 szt.": 247.0,
              "2-4 szt.": 194.5,
              "5-10 szt.": 171.5,
              "11-20 szt.": 143.4
            }
          }
        ]
      },
      "pozostale": {
        "cennik": [
          {
            "zakres_srednicy": "do 6.0",
            "ceny": {
              "1 szt.": 80.8,
              "2-4 szt.": 64.9,
              "5-10 szt.": 57.1,
              "11-20 szt.": 47.7
            }
          },
          {
            "zakres_srednicy": "6.1 - 10.0",
            "ceny": {
              "1 szt.": 87.4,
              "2-4 szt.": 70.2,
              "5-10 szt.": 61.7,
              "11-20 szt.": 51.6
            }
          },
          {
            "zakres_srednicy": "10.1 - 12.0",
            "ceny": {
              "1 szt.": 97.0,
              "2-4 szt.": 77.9,
              "5-10 szt.": 68.5,
              "11-20 szt.": 57.2
            }
          },
          {
            "zakres_srednicy": "12.1 - 16.0",
            "ceny": {
              "1 szt.": 131.8,
              "2-4 szt.": 105.9,
              "5-10 szt.": 93.1,
              "11-20 szt.": 77.8
            }
          },
          {
            "zakres_srednicy": "16.1 - 20.0",
            "ceny": {
              "1 szt.": 151.2,
              "2-4 szt.": 121.5,
              "5-10 szt.": 106.9,
              "11-20 szt.": 89.4
            }
          },
          {
            "zakres_srednicy": "20.1 - 25.0",
            "ceny": {
              "1 szt.": 190.6,
              "2-4 szt.": 153.1,
              "5-10 szt.": 134.7,
              "11-20 szt.": 112.7
            }
          },
          {
            "zakres_srednicy": "25.1 - 32.0",
            "ceny": {
              "1 szt.": 284.1,
              "2-4 szt.": 228.2,
              "5-10 szt.": 200.8,
              "11-20 szt.": 167.8
            }
          }
        ]
      }
    }
  },
  "Frez kulisty": {
    "ilosc_ostrzy": {
      "2-4": {
        "cennik": [
          {
            "zakres_srednicy": "do 6.0",
            "ceny": {
              "1 szt.": 73.8,
              "2-4 szt.": 55.3,
              "5-10 szt.": 48.8,
              "11-20 szt.": 40.8
            }
          },
          {
            "zakres_srednicy": "6.1 - 10.0",
            "ceny": {
              "1 szt.": 79.8,
              "2-4 szt.": 59.9,
              "5-10 szt.": 52.7,
              "11-20 szt.": 44.1
            }
          },
          {
            "zakres_srednicy": "10.1 - 12.0",
            "ceny": {
              "1 szt.": 88.5,
              "2-4 szt.": 66.4,
              "5-10 szt.": 58.5,
              "11-20 szt.": 48.9
            }
          },
          {
            "zakres_srednicy": "12.1 - 16.0",
            "ceny": {
              "1 szt.": 100.3,
              "2-4 szt.": 75.2,
              "5-10 szt.": 66.3,
              "11-20 szt.": 55.4
            }
          },
          {
            "zakres_srednicy": "16.1 - 20.0",
            "ceny": {
              "1 szt.": 115.1,
              "2-4 szt.": 86.3,
              "5-10 szt.": 76.1,
              "11-20 szt.": 63.7
            }
          },
          {
            "zakres_srednicy": "20.1 - 25.0",
            "ceny": {
              "1 szt.": 174.0,
              "2-4 szt.": 130.5,
              "5-10 szt.": 115.1,
              "11-20 szt.": 96.3
            }
          },
          {
            "zakres_srednicy": "25.1 - 32.0",
            "ceny": {
              "1 szt.": 259.4,
              "2-4 szt.": 194.5,
              "5-10 szt.": 171.5,
              "11-20 szt.": 143.4
            }
          }
        ]
      },
      "pozostale": {
        "cennik": [
          {
            "zakres_srednicy": "do 6.0",
            "ceny": {
              "1 szt.": 84.8,
              "2-4 szt.": 63.6,
              "5-10 szt.": 57.1,
              "11-20 szt.": 47.7
            }
          },
          {
            "zakres_srednicy": "6.1 - 10.0",
            "ceny": {
              "1 szt.": 91.8,
              "2-4 szt.": 68.8,
              "5-10 szt.": 61.7,
              "11-20 szt.": 51.6
            }
          },
          {
            "zakres_srednicy": "10.1 - 12.0",
            "ceny": {
              "1 szt.": 101.8,
              "2-4 szt.": 76.4,
              "5-10 szt.": 68.5,
              "11-20 szt.": 57.2
            }
          },
          {
            "zakres_srednicy": "12.1 - 16.0",
            "ceny": {
              "1 szt.": 115.3,
              "2-4 szt.": 86.5,
              "5-10 szt.": 77.6,
              "11-20 szt.": 64.8
            }
          },
          {
            "zakres_srednicy": "16.1 - 20.0",
            "ceny": {
              "1 szt.": 132.3,
              "2-4 szt.": 99.3,
              "5-10 szt.": 89.1,
              "11-20 szt.": 74.5
            }
          },
          {
            "zakres_srednicy": "20.1 - 25.0",
            "ceny": {
              "1 szt.": 200.2,
              "2-4 szt.": 150.1,
              "5-10 szt.": 134.7,
              "11-20 szt.": 112.7
            }
          },
          {
            "zakres_srednicy": "25.1 - 32.0",
            "ceny": {
              "1 szt.": 298.3,
              "2-4 szt.": 223.7,
              "5-10 szt.": 200.8,
              "11-20 szt.": 167.8
            }
          }
        ]
      }
    }
  },
  "Frez stozkowy": {
    "ilosc_ostrzy": {
      "2-4": {
        "cennik": [
          {
            "zakres_srednicy": "do 6.0",
            "ceny": {
              "1 szt.": 78.9,
              "2-4 szt.": 59.2,
              "5-10 szt.": 47.5,
              "11-20 szt.": 37.9
            }
          },
          {
            "zakres_srednicy": "6.1 - 10.0",
            "ceny": {
              "1 szt.": 85.4,
              "2-4 szt.": 64.0,
              "5-10 szt.": 51.3,
              "11-20 szt.": 41.0
            }
          },
          {
            "zakres_srednicy": "10.1 - 12.0",
            "ceny": {
              "1 szt.": 94.7,
              "2-4 szt.": 71.1,
              "5-10 szt.": 56.9,
              "11-20 szt.": 45.5
            }
          },
          {
            "zakres_srednicy": "12.1 - 16.0",
            "ceny": {
              "1 szt.": 107.3,
              "2-4 szt.": 80.5,
              "5-10 szt.": 64.5,
              "11-20 szt.": 51.5
            }
          },
          {
            "zakres_srednicy": "16.1 - 20.0",
            "ceny": {
              "1 szt.": 123.1,
              "2-4 szt.": 92.4,
              "5-10 szt.": 74.0,
              "11-20 szt.": 59.3
            }
          },
          {
            "zakres_srednicy": "20.1 - 25.0",
            "ceny": {
              "1 szt.": 186.2,
              "2-4 szt.": 139.7,
              "5-10 szt.": 111.9,
              "11-20 szt.": 89.6
            }
          },
          {
            "zakres_srednicy": "25.1 - 32.0",
            "ceny": {
              "1 szt.": 277.5,
              "2-4 szt.": 208.2,
              "5-10 szt.": 166.8,
              "11-20 szt.": 133.4
            }
          }
        ]
      },
      "pozostale": {
        "cennik": [
          {
            "zakres_srednicy": "do 6.0",
            "ceny": {
              "1 szt.": 90.8,
              "2-4 szt.": 68.1,
              "5-10 szt.": 54.6,
              "11-20 szt.": 43.6
            }
          },
          {
            "zakres_srednicy": "6.1 - 10.0",
            "ceny": {
              "1 szt.": 98.2,
              "2-4 szt.": 73.6,
              "5-10 szt.": 58.9,
              "11-20 szt.": 47.2
            }
          },
          {
            "zakres_srednicy": "10.1 - 12.0",
            "ceny": {
              "1 szt.": 108.9,
              "2-4 szt.": 81.7,
              "5-10 szt.": 65.4,
              "11-20 szt.": 52.3
            }
          },
          {
            "zakres_srednicy": "12.1 - 16.0",
            "ceny": {
              "1 szt.": 123.4,
              "2-4 szt.": 92.6,
              "5-10 szt.": 74.1,
              "11-20 szt.": 59.3
            }
          },
          {
            "zakres_srednicy": "16.1 - 20.0",
            "ceny": {
              "1 szt.": 141.6,
              "2-4 szt.": 106.2,
              "5-10 szt.": 85.1,
              "11-20 szt.": 68.2
            }
          },
          {
            "zakres_srednicy": "20.1 - 25.0",
            "ceny": {
              "1 szt.": 214.2,
              "2-4 szt.": 160.6,
              "5-10 szt.": 128.7,
              "11-20 szt.": 103.0
            }
          },
          {
            "zakres_srednicy": "25.1 - 32.0",
            "ceny": {
              "1 szt.": 319.2,
              "2-4 szt.": 239.4,
              "5-10 szt.": 191.9,
              "11-20 szt.": 153.4
            }
          }
        ]
      }
    }
  }
}