{
  "Fazownik": {
    "ilosc_ostrzy": {
      "2-4": {
        "cennik": [
          {
            "zakres_srednicy": "do 8.0",
            "ceny": {
              "1 szt.": 49.9,
              "2-4 szt.": 42.1,
              "5-10 szt.": 35.8,
              "11-20 szt.": 32.9
            }
          },
          {
            "zakres_srednicy": "8.1 - 12.0",
            "ceny": {
              "1 szt.": 55.1,
              "2-4 szt.": 46.6,
              "5-10 szt.": 39.6,
              "11-20 szt.": 36.4
            }
          },
          {
            "zakres_srednicy": "12.1 - 16.0",
            "ceny": {
              "1 szt.": 68.3,
              "2-4 szt.": 57.7,
              "5-10 szt.": 49.0,
              "11-20 szt.": 45.0
            }
          },
          {
            "zakres_srednicy": "16.1 - 20.0",
            "ceny": {
              "1 szt.": 81.4,
              "2-4 szt.": 68.7,
              "5-10 szt.": 58.4,
              "11-20 szt.": 53.7
            }
          }
        ]
      },
      ">4": {
        "cennik": [
          {
            "zakres_srednicy": "do 8.0",
            "ceny": {
              "1 szt.": 59.9,
              "2-4 szt.": 50.6,
              "5-10 szt.": 42.9,
              "11-20 szt.": 39.5
            }
          },
          {
            "zakres_srednicy": "8.1 - 12.0",
            "ceny": {
              "1 szt.": 66.2,
              "2-4 szt.": 55.9,
              "5-10 szt.": 47.5,
              "11-20 szt.": 43.7
            }
          },
          {
            "zakres_srednicy": "12.1 - 16.0",
            "ceny": {
              "1 szt.": 81.9,
              "2-4 szt.": 69.2,
              "5-10 szt.": 58.8,
              "11-20 szt.": 54.1
            }
          },
          {
            "zakres_srednicy": "16.1 - 20.0",
            "ceny": {
              "1 szt.": 97.7,
              "2-4 szt.": 82.5,
              "5-10 szt.": 70.1,
              "11-20 szt.": 64.4
            }
          }
        ]
      }
    }
  },
  "Frez z prom. wew.": {
    "ilosc_ostrzy": {
      "2-4": {
        "cennik": [
          {
            "zakres_srednicy": "do 6.0",
            "ceny": {
              "1 szt.": 77.3,
              "2-4 szt.": 57.9,
              "5-10 szt.": 46.5,
              "11-20 szt.": 37.1
            }
          },
          {
            "zakres_srednicy": "6.1 - 10.0",
            "ceny": {
              "1 szt.": 83.6,
              "2-4 szt.": 62.7,
              "5-10 szt.": 50.2,
              "11-20 szt.": 40.2
            }
          },
          {
            "zakres_srednicy": "10.1 - 12.0",
            "ceny": {
              "1 szt.": 92.8,
              "2-4 szt.": 69.6,
              "5-10 szt.": 55.7,
              "11-20 szt.": 44.6
            }
          },
          {
            "zakres_srednicy": "12.1 - 16.0",
            "ceny": {
              "1 szt.": 105.1,
              "2-4 szt.": 78.8,
              "5-10 szt.": 63.1,
              "11-20 szt.": 50.5
            }
          },
          {
            "zakres_srednicy": "16.1 - 20.0",
            "ceny": {
              "1 szt.": 120.6,
              "2-4 szt.": 90.4,
              "5-10 szt.": 72.5,
              "11-20 szt.": 58.0
            }
          },
          {
            "zakres_srednicy": "20.1 - 25.0",
            "ceny": {
              "1 szt.": 182.3,
              "2-4 szt.": 136.8,
              "5-10 szt.": 109.6,
              "11-20 szt.": 87.7
            }
          },
          {
            "zakres_srednicy": "25.1 - 32.0",
            "ceny": {
              "1 szt.": 271.7,
              "2-4 szt.": 203.8,
              "5-10 szt.": 163.4,
              "11-20 szt.": 130.6
            }
          }
        ]
      },
      ">4": {
        "cennik": [
          {
            "zakres_srednicy": "do 6.0",
            "ceny": {
              "1 szt.": 88.9,
              "2-4 szt.": 66.6,
              "5-10 szt.": 53.4,
              "11-20 szt.": 42.7
            }
          },
          {
            "zakres_srednicy": "6.1 - 10.0",
            "ceny": {
              "1 szt.": 96.1,
              "2-4 szt.": 72.1,
              "5-10 szt.": 57.7,
              "11-20 szt.": 46.2
            }
          },
          {
            "zakres_srednicy": "10.1 - 12.0",
            "ceny": {
              "1 szt.": 106.7,
              "2-4 szt.": 80.0,
              "5-10 szt.": 64.0,
              "11-20 szt.": 51.2
            }
          },
          {
            "zakres_srednicy": "12.1 - 16.0",
            "ceny": {
              "1 szt.": 120.8,
              "2-4 szt.": 90.6,
              "5-10 szt.": 72.6,
              "11-20 szt.": 58.0
            }
          },
          {
            "zakres_srednicy": "16.1 - 20.0",
            "ceny": {
              "1 szt.": 138.6,
              "2-4 szt.": 104.0,
              "5-10 szt.": 83.3,
              "11-20 szt.": 66.7
            }
          },
          {
            "zakres_srednicy": "20.1 - 25.0",
            "ceny": {
              "1 szt.": 209.7,
              "2-4 szt.": 157.3,
              "5-10 szt.": 126.0,
              "11-20 szt.": 100.9
            }
          },
          {
            "zakres_srednicy": "25.1 - 32.0",
            "ceny": {
              "1 szt.": 312.5,
              "2-4 szt.": 234.4,
              "5-10 szt.": 187.9,
              "11-20 szt.": 150.2
            }
          }
        ]
      }
    }
  }
}